{
  "lib": {
    "jquery": {
      "name": "jQuery",
      "pver": "1.10.2",
      "ver": "1.0.0",
      "src": {
        "resource": ["assets/jquery.js"]
      },
      "desc": "ZUI的绝大部分JS组件都依赖于jQuery",
      "website": "http://jquery.com/",
      "license": "MIT",
      "licenseFile": "https://jquery.org/license/",
      "source": "jQuery"
    },
    "excanvas": {
      "name": "excanvas",
      "pver": "3.0",
      "ver": "1.0.0",
      "src": {
        "resource": ["assets/excanvas.js"]
      },
      "desc": "HTML5 Canvas for Internet Explorer",
      "source": "Google",
      "license": "Apache 2.0",
      "website": "https://github.com/arv/explorercanvas"
    },
    "html5shiv": {
      "name": "html5shiv",
      "pver": "3.7.0",
      "ver": "1.0.0",
      "src": {
        "resource": ["assets/html5shiv.js"]
      },
      "desc": "HTML5 IE enabling script",
      "source": "aFarkas",
      "license": "MIT & GPL2",
      "licenseFile": "https://github.com/aFarkas/html5shiv/blob/master/MIT%20and%20GPL2%20licenses.md",
      "website": "https://github.com/afarkas/html5shiv"
    },
    "respond": {
      "name": "respond",
      "pver": "1.4.2",
      "ver": "1.0.0",
      "src": {
        "resource": ["assets/respond.js"]
      },
      "desc": "min/max-width media query polyfill",
      "source": "Scott Jehl",
      "license": "MIT",
      "licenseFile": "https://github.com/scottjehl/Respond/blob/master/LICENSE-MIT",
      "website": "https://github.com/scottjehl/Respond"
    },
    "ieonly": {
      "name": "为IE专门设置",
      "dpds": ["html5shiv", "respond", "excanvas"],
      "ignoreDpds": false
    },
    "prettify": {
      "name": "prettify",
      "pver": "1.0.0",
      "ver": "1.4.0",
      "src": {
        "resource": ["assets/prettify//**/*"]
      },
      "desc": "Automatically exported from code.google.com/p/google-code-prettify",
      "source": "Google",
      "license": "Apache 2.0",
      "website": "https://github.com/google/code-prettify"
    },
    "plupload": {
      "name": "Plupload",
      "pver": "2.2.1",
      "ver": "1.6.0",
      "src": {
        "js": ["assets/plupload/plupload.full.min.js"],
        "resource": ["assets/plupload/Moxie.swf", "assets/plupload/Moxie.xap"]
      },
      "license": "GPL-2.0",
      "licenseFile": "https://github.com/moxiecode/plupload/blob/master/license.txt",
      "source": "Moxie",
      "website": "http://www.plupload.com/"
    },
    "mousewheel": {
      "name": "jQuery Mousewheel",
      "pver": "3.1.13",
      "ver": "1.8.0",
      "src": {
        "js": ["assets/mousewheel/jquery.mousewheel.js"]
      },
      "license": "MIT",
      "licenseFile": "https://github.com/jquery/jquery-mousewheel/blob/master/LICENSE.txt",
      "source": "jQuery",
      "website": "https://github.com/jquery/jquery-mousewheel"
    },
    "jqueryex": {
      "name": "jQuery扩展",
      "ver": "1.0.0",
      "src": {
        "js": ["src/js/jquery.extensions.js"]
      },
      "require": ["jquery"]
    },
    "colorset": {
      "name": "配色",
      "src": {
        "less": ["~/basic/colorset.less"]
      },
      "desc": "ZUI的色彩配置",
      "ver": "1.0.0"
    },
    "variables": {
      "name": "配置",
      "src": {
        "less": ["~/basic/variables.less", "~/basic/variables.custom.less"]
      },
      "dpds": ["colorset"],
      "config": true,
      "source": "Bootstrap",
      "ver": "1.0.0"
    },
    "normalize": {
      "name": "全局样式表",
      "src": {
        "less": ["~/basic/normalize.less"]
      },
      "ver": "1.0.0",
      "pver": "3.0.3",
      "source": "Nicolas Gallagher and Jonathan Neal",
      "license": "MIT",
      "website": "http://necolas.github.io/normalize.css/"
    },
    "mixins": {
      "name": "样式片段",
      "desc": "用于存储可重复使用的Less样式",
      "src": {
        "less": ["~/basic/mixins.less"]
      },
      "ver": "1.0.0",
      "config": true,
      "source": "Bootstrap",
      "dpds": ["variables"]
    },
    "setting": {
      "name": "ZUI配置",
      "config": true,
      "dpds": ["variables", "icons.variables", "mixins"]
    },
    "basic": {
      "name": "基础样式",
      "desc": "包含配置、全局样式表及一些有用的样式片段",
      "dpds": ["setting", "normalize"]
    },
    "utilities.common": {
      "name": "常用辅助类",
      "src": {
        "less": ["~/basic/utilities.less"]
      },
      "ver": "1.0.0",
      "source": "Bootstrap",
      "dpds": ["basic"]
    },
    "utilities.responsive": {
      "name": "多设备响应辅助类",
      "src": {
        "less": ["~/basic/utilities.responsive.less"]
      },
      "desc": "支持多设备响应的辅助类",
      "ver": "1.0.0",
      "source": "Bootstrap",
      "dpds": ["basic"]
    },
    "utilities": {
      "name": "辅助类",
      "desc": "包含支持多设备响应的辅助类",
      "dpds": ["utilities.common", "utilities.responsive"]
    },
    "scaffolding": {
      "name": "脚手架",
      "src": {
        "less": ["~/basic/scaffolding.less"]
      },
      "ver": "1.0.0",
      "source": "Bootstrap",
      "dpds": ["mixins"]
    },
    "grid": {
      "name": "栅格系统",
      "src": {
        "less": ["~/basic/grid.less"]
      },
      "desc": "使用栅格来帮助布局",
      "ver": "1.0.0",
      "source": "Bootstrap",
      "dpds": ["basic"]
    },
    "typography.basic": {
      "name": "基本排版",
      "src": {
        "less": ["~/controls/type.less"],
        "js": ["~/typography.js"]
      },
      "ver": "1.0.0",
      "source": "Bootstrap",
      "dpds": ["basic"]
    },
    "typography.bg": {
      "name": "文本背景",
      "src": {
        "less": ["~/controls/type.bg.less"]
      },
      "ver": "1.0.0",
      "dpds": ["basic"]
    },
    "typography.hightlight": {
      "name": "文本高亮",
      "src": {
        "less": ["~/controls/type.hightlight.less"]
      },
      "ver": "1.0.0",
      "dpds": ["basic"]
    },
    "typography": {
      "name": "排版",
      "dpds": ["typography.basic", "typography.bg", "typography.hightlight"]
    },
    "header": {
      "name": "标题",
      "src": {
        "less": ["~/controls/headers.less"]
      },
      "ver": "1.0.0",
      "source": "Bootstrap",
      "dpds": ["basic"]
    },
    "button.basic": {
      "name": "基本按钮",
      "src": {
        "less": ["~/controls/buttons.less"]
      },
      "ver": "1.0.0",
      "source": "Bootstrap",
      "dpds": ["basic"]
    },
    "button.group": {
      "name": "按钮组",
      "src": {
        "less": ["~/controls/buttons.group.less"]
      },
      "ver": "1.0.0",
      "source": "Bootstrap",
      "dpds": ["button.basic"]
    },
    "button.vertical": {
      "name": "垂直按钮组",
      "src": {
        "less": ["~/controls/buttons.vertical.less"]
      },
      "ver": "1.0.0",
      "source": "Bootstrap",
      "dpds": ["button.basic"]
    },
    "button.js": {
      "name": "按钮状态切换",
      "src": {
        "js": ["~/button.js"]
      },
      "ver": "1.0.0",
      "source": "Bootstrap",
      "dpds": ["button.basic"]
    },
    "button": {
      "name": "按钮",
      "dpds": ["button.basic", "button.group", "button.vertical", "button.js"]
    },
    "progressbar": {
      "name": "进度条",
      "src": {
        "less": ["~/controls/progress-bars.less"]
      },
      "ver": "1.0.0",
      "source": "Bootstrap",
      "dpds": ["basic"]
    },
    "image": {
      "name": "图片",
      "src": {
        "less": ["~/controls/image.less"]
      },
      "ver": "1.0.0",
      "source": "Bootstrap",
      "dpds": ["basic"]
    },
    "divider": {
      "name": "分隔",
      "src": {
        "less": ["~/controls/divider.less"]
      },
      "ver": "1.0.0",
      "dpds": ["basic"]
    },
    "labels.basic": {
      "name": "基本标签",
      "src": {
        "less": ["~/controls/labels.less"]
      },
      "ver": "1.0.0",
      "source": "Bootstrap",
      "dpds": ["basic"]
    },
    "labels.fix": {
      "name": "标签适配样式",
      "src": {
        "less": ["~/controls/labels.fix.less"]
      },
      "ver": "1.0.0",
      "source": "Bootstrap",
      "dpds": ["labels.basic"]
    },
    "labels": {
      "name": "标签",
      "dpds": ["labels.basic", "labels.fix"]
    },
    "breadcrumbs": {
      "name": "面包屑导航",
      "src": {
        "less": ["~/controls/breadcrumbs.less"]
      },
      "ver": "1.0.0",
      "source": "Bootstrap",
      "dpds": ["basic"]
    },
    "icons.core": {
      "name": "图标核心样式",
      "src": {
        "less": ["~/controls/icons.core.less"]
      },
      "ver": "1.0.0",
      "source": "FontAwesome",
      "website": "http://fontawesome.io",
      "license": "MIT",
      "licenseFile": "http://fontawesome.io/license/",
      "dpds": ["basic"]
    },
    "icons.variables": {
      "name": "图标名称配置",
      "src": {
        "less": ["~/controls/icons.variables.less"]
      },
      "config": true,
      "ver": "1.0.0"
    },
    "icons.set": {
      "name": "图标定义",
      "src": {
        "less": ["~/controls/icons.set.less"]
      },
      "ver": "1.0.0",
      "config": true,
      "source": "FontAwesome",
      "website": "http://fontawesome.io",
      "license": "MIT",
      "licenseFile": "http://fontawesome.io/license/",
      "dpds": ["icons.variables"]
    },
    "icons.font": {
      "name": "图标字体",
      "src": {
        "resource": ["src//fonts/zenicon.eot", "src//fonts/zenicon.svg", "src//fonts/zenicon.ttf", "src//fonts/zenicon.woff"]
      },
      "source": "FontAwesome",
      "website": "http://fontawesome.io",
      "license": "SIL OFL 1.1",
      "licenseFile": "http://fontawesome.io/license/",
      "ver": "1.0.0"
    },
    "icons.json": {
      "name": "图标集数据",
      "src": {
        "resource": ["src//fonts//icons.json"]
      },
      "config": true,
      "ver": "1.3.0"
    },
    "icons": {
      "name": "图标",
      "dpds": ["icons.font", "icons.core", "icons.set"]
    },
    "avatar": {
      "name": "头像",
      "src": {
        "less": ["~/controls/avatar.less"]
      },
      "dpds": ["basic"],
      "ver": "1.9.0"
    },
    "close": {
      "name": "关闭按钮",
      "src": {
        "less": ["~/controls/close.less"]
      },
      "ver": "1.0.0",
      "source": "Bootstrap",
      "dpds": ["basic"]
    },
    "scrollbars": {
      "name": "滚动条",
      "src": {
        "less": ["~/controls/scrollbar.less"]
      },
      "ver": "1.0.0"
    },
    "table.basic": {
      "name": "基本表格",
      "src": {
        "less": ["~/components/tables.less"]
      },
      "ver": "1.0.0",
      "source": "Bootstrap",
      "dpds": ["basic"]
    },
    "table.colors": {
      "name": "表格变色",
      "src": {
        "less": ["~/components/tables.colors.less"]
      },
      "ver": "1.0.0",
      "source": "Bootstrap",
      "dpds": ["table.basic"]
    },
    "table.responsive": {
      "name": "多设备响应的表格",
      "src": {
        "less": ["~/components/tables.responsive.less"]
      },
      "ver": "1.0.0",
      "source": "Bootstrap",
      "dpds": ["table.basic"]
    },
    "table": {
      "name": "表格",
      "dpds": ["table.basic", "table.colors", "table.responsive"]
    },
    "listgroup": {
      "name": "列表组",
      "src": {
        "less": ["~/components/list-group.less"]
      },
      "ver": "1.0.0",
      "source": "Bootstrap",
      "dpds": ["basic"]
    },
    "panels.basic": {
      "name": "基本面板",
      "src": {
        "less": ["~/components/panels.less"]
      },
      "ver": "1.0.0",
      "source": "Bootstrap",
      "dpds": ["basic"]
    },
    "panels.types": {
      "name": "面板类型",
      "src": {
        "less": ["~/components/panels.types.less"]
      },
      "ver": "1.0.0",
      "source": "Bootstrap",
      "dpds": ["panels.basic"]
    },
    "panels.group": {
      "name": "面板组",
      "src": {
        "less": ["~/components/panels.group.less"]
      },
      "ver": "1.0.0",
      "source": "Bootstrap",
      "dpds": ["panels.basic"]
    },
    "panels.fix": {
      "name": "面板适配",
      "src": {
        "less": ["~/components/panels.fix.less"]
      },
      "ver": "1.0.0",
      "source": "Bootstrap",
      "dpds": ["panels.basic"]
    },
    "panels": {
      "name": "面板类型",
      "dpds": ["panels.basic", "panels.types", "panels.group", "panels.fix"]
    },
    "alerts.style": {
      "name": "基本消息框基本样式",
      "src": {
        "less": ["~/components/alerts.less"]
      },
      "ver": "1.0.0",
      "source": "Bootstrap",
      "dpds": ["basic"]
    },
    "alerts.dismiss": {
      "name": "可关闭的消息框",
      "src": {
        "js": ["src/js/alert.js"]
      },
      "ver": "1.0.0",
      "source": "Bootstrap",
      "dpds": ["basic"]
    },
    "alerts.basic": {
      "name": "基本消息框",
      "ver": "1.0.0",
      "dpds": ["alerts.style", "alerts.dismiss"]
    },
    "alerts.inverse": {
      "name": "消息框增强样式",
      "src": {
        "less": ["~/components/alerts.inverse.less"]
      },
      "ver": "1.0.0",
      "dpds": ["alerts.basic"]
    },
    "alerts": {
      "name": "消息框",
      "dpds": ["alerts.style", "alerts.basic", "alerts.inverse"]
    },
    "inputcontrol": {
      "name": "输入控件",
      "ver": "1.7.0",
      "src": {
        "less": ["~/components/input-control.less"]
      },
      "dpds": ["basic", "forms.basic"]
    },
    "inputgroups.basic": {
      "name": "基本输入框组",
      "src": {
        "less": ["~/components/input-groups.less"]
      },
      "ver": "1.0.0",
      "source": "Bootstrap",
      "dpds": ["basic"]
    },
    "inputgroups.size": {
      "name": "输入框组大小",
      "src": {
        "less": ["~/components/input-groups.size.less"]
      },
      "ver": "1.0.0",
      "source": "Bootstrap",
      "dpds": ["inputgroups.basic"]
    },
    "inputgroups": {
      "name": "输入框组",
      "dpds": ["inputgroups.basic", "inputgroups.size"]
    },
    "forms.basic": {
      "name": "基本表单",
      "src": {
        "less": ["~/components/forms.less"]
      },
      "ver": "1.0.0",
      "source": "Bootstrap",
      "dpds": ["basic"]
    },
    "forms.condensed": {
      "name": "紧凑表单",
      "src": {
        "less": ["~/components/forms.condensed.less"]
      },
      "ver": "1.0.0",
      "dpds": ["forms.basic"]
    },
    "forms": {
      "name": "表单",
      "dpds": ["forms.basic", "forms.condensed"]
    },
    "checkbox": {
      "name": "复选框",
      "src": {
        "less": ["~/controls/checkbox.less"]
      }
    },
    "switch": {
      "name": "开关",
      "ver": "1.6.0",
      "src": {
        "less": ["~/controls/switch.less"]
      },
      "dpds": ["basic"]
    },
    "code": {
      "name": "代码",
      "src": {
        "less": ["~/components/code.less"]
      },
      "ver": "1.0.0",
      "source": "Bootstrap",
      "dpds": ["basic"]
    },
    "pager.basic": {
      "name": "基本分页",
      "src": {
        "less": ["~/components/pager.less"]
      },
      "ver": "1.0.0",
      "source": "Bootstrap",
      "dpds": ["basic"]
    },
    "pager.size": {
      "name": "分页尺寸",
      "src": {
        "less": ["~/components/pager.size.less"]
      },
      "ver": "1.0.0",
      "source": "Bootstrap",
      "dpds": ["pager.basic"]
    },
    "pager.types": {
      "name": "分页类型",
      "src": {
        "less": ["~/components/pager.types.less"]
      },
      "ver": "1.0.0",
      "dpds": ["pager.basic"]
    },
    "pagerjs": {
      "name": "分页器",
      "src": {
        "js": ["~/pager.js"]
      },
      "ver": "1.8.0",
      "dpds": ["pager.basic"]
    },
    "pager": {
      "name": "表单",
      "dpds": ["pager.basic", "pager.size", "pager.types", "pagerjs"]
    },
    "navs.basic": {
      "name": "基本导航",
      "src": {
        "less": ["~/components/navs.less"]
      },
      "ver": "1.0.0",
      "source": "Bootstrap",
      "dpds": ["basic"]
    },
    "navs.tabs": {
      "name": "标签式导航",
      "src": {
        "less": ["~/components/navs.tabs.less"]
      },
      "ver": "1.0.0",
      "source": "Bootstrap",
      "dpds": ["tab", "navs.basic"]
    },
    "navs": {
      "name": "导航",
      "dpds": ["navs.basic", "navs.tabs"]
    },
    "navbars.basic": {
      "name": "基本导航条",
      "src": {
        "less": ["~/components/navbars.less"]
      },
      "ver": "1.0.0",
      "source": "Bootstrap",
      "dpds": ["basic"]
    },
    "navbars.form": {
      "name": "导航条表单",
      "src": {
        "less": ["~/components/navbars.form.less"]
      },
      "ver": "1.0.0",
      "source": "Bootstrap",
      "dpds": ["navbars.basic"]
    },
    "navbars": {
      "name": "导航条",
      "dpds": ["navbars.basic", "navbars.form", "navbars.fixedleft"]
    },
    "animations.style": {
      "name": "过渡动画",
      "src": {
        "less": ["~/modules/animations.less"]
      },
      "ver": "1.0.0",
      "source": "Bootstrap",
      "dpds": ["mixins"],
      "require": ["jquery"]
    },
    "animations": {
      "name": "过渡动画",
      "src": {
        "js": ["src/js/transition.js"]
      },
      "ver": "1.0.0",
      "source": "Bootstrap",
      "dpds": ["animations.style"],
      "require": ["jquery"]
    },
    "collapse": {
      "name": "折叠",
      "src": {
        "js": ["src/js/collapse.js"]
      },
      "ver": "1.0.0",
      "source": "Bootstrap",
      "dpds": ["animations"]
    },
    "device": {
      "name": "设备辅助类",
      "src": {
        "js": ["src/js/device.js"]
      },
      "ver": "1.0.0",
      "require": ["jquery"]
    },
    "browser": {
      "name": "浏览器兼容工具",
      "src": {
        "js": ["src/js/browser.js"]
      },
      "ver": "1.0.0",
      "require": ["jquery"]
    },
    "color": {
      "name": "颜色辅助类",
      "src": {
        "js": ["src/js/color.js"]
      },
      "ver": "1.2.0",
      "require": ["jQuery"]
    },
    "imgready": {
      "name": "图片加载",
      "src": {
        "js": ["src/js/image.ready.js"]
      },
      "ver": "1.2.0",
      "source": "TangBin",
      "website": "http://www.planeart.cn/?p=1121"
    },
    "hotkey": {
      "name": "快捷键",
      "src": {
        "js": ["src/js/hotkeys.js"]
      },
      "ver": "1.0.0",
      "source": "John Resig",
      "license": "MIT or GPL 2",
      "website": "https://github.com/tzuryby/jquery.hotkeys",
      "require": ["jquery"]
    },
    "date": {
      "name": "日期扩展方法",
      "src": {
        "js": ["src/js/date.js"]
      },
      "ver": "1.0.0"
    },
    "array": {
      "name": "数组辅助方法",
      "src": {
        "js": ["src/js/array.js"]
      },
      "ver": "1.2.0"
    },
    "string": {
      "name": "字符串扩展方法",
      "src": {
        "js": ["src/js/string.js"]
      },
      "ver": "1.0.0"
    },
    "resize": {
      "name": "监听尺寸更改",
      "src": {
        "js": ["src/js/resize.js"]
      },
      "ver": "1.0.0",
      "pver": "1.1",
      "license": "MIT & GPL",
      "source": "Ben Alman",
      "website": "https://github.com/cowboy/jquery-resize",
      "require": ["jquery"]
    },
    "scrollspy": {
      "name": "滚地监听",
      "src": {
        "js": ["src/js/scrollspy.js"]
      },
      "ver": "1.0.0",
      "source": "Bootstrap",
      "require": ["jquery"]
    },
    "store": {
      "name": "本地存储",
      "src": {
        "js": ["src/js/store.js"]
      },
      "ver": "1.2.0",
      "require": ["jquery"]
    },
    "searchbox": {
      "name": "搜索框",
      "src": {
        "js": ["src/js/searchbox.js"]
      },
      "ver": "1.8.0",
      "require": ["jquery"]
    },
    "draggable": {
      "name": "拖拽",
      "src": {
        "js": ["src/js/draggable.js"]
      },
      "ver": "1.0.0",
      "dpds": ["jqueryex"],
      "require": ["jquery"]
    },
    "droppable": {
      "name": "拖放",
      "src": {
        "js": ["src/js/droppable.js"]
      },
      "ver": "1.0.0",
      "dpds": ["jqueryex"],
      "require": ["jquery"]
    },
    "sortable": {
      "name": "排序",
      "src": {
        "js": ["src/js/sortable.js"]
      },
      "ver": "1.0.0",
      "dpds": ["jqueryex", "droppable"],
      "require": ["jquery"]
    },
    "dragDropSort": {
      "name": "Drag, drop and sort",
      "dpds": ["draggable", "droppable", "sortable"]
    },
    "tab": {
      "name": "标签页",
      "src": {
        "js": ["src/js/tab.js"]
      },
      "ver": "1.0.0",
      "source": "Bootstrap",
      "dpds": ["animation"],
      "require": ["jquery"]
    },
    "modals": {
      "name": "对话框",
      "src": {
        "less": ["~/modules/modals.less"],
        "js": ["src/js/modal.js"]
      },
      "ver": "1.0.0",
      "source": "Bootstrap",
      "dpds": ["basic", "animations"],
      "require": ["jquery"]
    },
    "modaltrigger": {
      "name": "对话框触发器",
      "src": {
        "js": ["src/js/modal.trigger.js"]
      },
      "ver": "1.2.0",
      "dpds": ["jqueryex", "resize", "modals"],
      "require": ["jquery"]
    },
    "tooltip": {
      "name": "工具提示",
      "src": {
        "less": ["~/modules/tooltip.less"],
        "js": ["src/js/tooltip.js"]
      },
      "ver": "1.0.0",
      "source": "Bootstrap",
      "dpds": ["basic", "animations"],
      "require": ["jquery"]
    },
    "popovers": {
      "name": "弹出面板",
      "src": {
        "less": ["~/modules/popovers.less"],
        "js": ["src/js/popover.js"]
      },
      "ver": "1.0.0",
      "source": "Bootstrap",
      "dpds": ["tooltip", "animations"],
      "require": ["jquery"]
    },
    "dropdowns": {
      "name": "下拉菜单",
      "src": {
        "less": ["~/modules/dropdowns.less"],
        "js": ["src/js/dropdown.js"]
      },
      "ver": "1.0.0",
      "source": "Bootstrap",
      "dpds": ["basic", "animations"],
      "require": ["jquery"]
    },
    "contextmenu": {
      "name": "右键菜单",
      "src": {
        "js": ["src/js/contextmenu.js"]
      },
      "ver": "1.8.0",
      "dpds": ["basic", "animations"],
      "require": ["jquery"]
    },
    "carousel.basic": {
      "name": "基本轮播",
      "src": {
        "less": ["~/modules/carousel.less"],
        "js": ["src/js/carousel.js"]
      },
      "ver": "1.0.0",
      "source": "Bootstrap",
      "dpds": ["basic", "animations"],
      "require": ["jquery"]
    },
    "carousel.indicators": {
      "name": "轮播指示器",
      "src": {
        "less": ["~/modules/carousel.indicators.less"]
      },
      "ver": "1.0.0",
      "source": "Bootstrap",
      "dpds": ["carousel.basic"]
    },
    "carousel": {
      "name": "轮播",
      "ver": "1.0.0",
      "dpds": ["carousel.basic", "carousel.indicators"]
    },
    "lightbox": {
      "name": "灯箱预览",
      "src": {
        "less": ["~/modules/lightbox.less"],
        "js": ["src/js/lightbox.js"]
      },
      "ver": "1.0.0",
      "dpds": ["basic", "animations", "modaltrigger", "imgready"],
      "require": ["jquery"]
    },
    "messager": {
      "name": "消息",
      "src": {
        "less": ["~/modules/messager.less"],
        "js": ["src/js/messager.js"]
      },
      "ver": "1.0.0",
      "dpds": ["basic", "animation"],
      "require": ["jquery"]
    },
    "menu": {
      "name": "垂直菜单",
      "src": {
        "less": ["~/modules/menu.less"],
        "js": ["src/js/menu.js"]
      },
      "ver": "1.0.0",
      "dpds": ["basic", "navs", "button"],
      "require": ["jquery"]
    },
    "imgcutter": {
      "name": "图片裁剪工具",
      "src": {
        "less": ["~/modules/img-cutter.less"],
        "js": ["src/js/img-cutter.js"]
      },
      "ver": "1.0.0",
      "dpds": ["basic", "imgready", "draggable"],
      "require": ["jquery"]
    },
    "datetimepicker": {
      "name": "日期时间选择",
      "src": {
        "less": ["~/modules/datetimepicker.less"],
        "js": ["~/datetimepicker.js"]
      },
      "ver": "1.0.0",
      "license": "Apache 2.0",
      "source": "Stefan Petre",
      "dpds": ["basic", "dropdowns"],
      "website": "http://www.malot.fr/bootstrap-datetimepicker",
      "custom": ["ui"],
      "require": ["jquery"]
    },
    "kindeditor": {
      "name": "Kindeditor",
      "src": {
        "less": ["~/modules/kindeditor.less"],
        "js": ["assets/kindeditor/kindeditor-all.js"],
        "resource": ["assets/kindeditor//themes/**/*", "assets/kindeditor//lang/**/*", "assets/kindeditor//plugins.zip", "assets/kindeditor//README.md"]
      },
      "ver": "1.0.0",
      "dpds": ["basic"],
      "pver": "4.1.0",
      "license": "GNU",
      "source": "kindsoft",
      "project": "https://github.com/kindsoft/kindeditor",
      "website": "http://kindeditor.net/",
      "custom": ["ui"]
    },
    "ueditor": {
      "name": "UEditor",
      "src": {
        "less": ["~/modules/ueditor.less"]
      },
      "ver": "1.5.0",
      "dpds": ["basic"],
      "pver": "1.4.3",
      "license": "MIT",
      "source": "Baidu",
      "project": "https://github.com/fex-team/ueditor",
      "website": "http://ueditor.baidu.com/",
      "custom": ["ui"]
    },
    "chosen": {
      "name": "选择器",
      "src": {
        "less": ["~/modules/chosen.less"],
        "js": ["~/chosen.js"]
      },
      "ver": "1.0.0",
      "dpds": ["basic"],
      "pver": "1.1.0",
      "license": "MIT",
      "source": "Patrick Filler",
      "website": "https://github.com/harvesthq/chosen",
      "custom": ["ui"],
      "require": ["jquery"]
    },
    "bootbox": {
      "name": "模态对话框",
      "src": {
        "less": ["~/modules/modals.bootbox.less"],
        "js": ["~/bootbox.js"]
      },
      "ver": "1.0.0",
      "pver": "4.4.0",
      "dpds": ["modals"],
      "source": "Nick Payne",
      "license": "MIT",
      "website": "http://bootboxjs.com/",
      "project": "https://github.com/makeusabrew/bootbox",
      "custom": ["ui"],
      "require": ["jquery"]
    },
    "chosenicons": {
      "name": "图标选择器",
      "src": {
        "less": ["~/modules/chosen.icons.less"],
        "js": ["src/js/chosen.icons.js"]
      },
      "ver": "1.0.0",
      "dpds": ["basic", "chosen"],
      "require": ["jquery"]
    },
    "article.basic": {
      "name": "基本文章视图",
      "src": {
        "less": ["~/views/article.less"]
      },
      "ver": "1.0.0",
      "dpds": ["basic", "typography.basic"]
    },
    "article.condensed": {
      "name": "紧凑文章视图",
      "src": {
        "less": ["~/views/article.condensed.less"]
      },
      "ver": "1.0.0",
      "dpds": ["article.basic"]
    },
    "article": {
      "name": "文章视图",
      "dpds": ["typography", "article.basic", "article.condensed"]
    },
    "comment": {
      "name": "评论视图",
      "src": {
        "less": ["~/views/comment.less"]
      },
      "ver": "1.0.0",
      "dpds": ["basic"]
    },
    "list": {
      "name": "列表视图",
      "src": {
        "less": ["~/views/list.less"]
      },
      "ver": "1.0.0",
      "dpds": ["basic"]
    },
    "cards.basic": {
      "name": "基本卡片视图",
      "src": {
        "less": ["~/views/cards.less"]
      },
      "ver": "1.0.0",
      "dpds": ["basic"]
    },
    "cards.caption": {
      "name": "卡片视图备注",
      "src": {
        "less": ["~/views/cards.caption.less"]
      },
      "ver": "1.0.0",
      "dpds": ["cards.basic"]
    },
    "cards.condensed": {
      "name": "紧凑卡片视图",
      "src": {
        "less": ["~/views/cards.condensed.less"]
      },
      "ver": "1.0.0",
      "dpds": ["cards.basic"]
    },
    "cards.reveal": {
      "name": "卡片视图翻转",
      "src": {
        "less": ["~/views/cards.reveal.less"]
      },
      "ver": "1.0.0",
      "dpds": ["cards.basic"]
    },
    "card": {
      "name": "卡片视图",
      "dpds": ["cards.basic", "cards.caption", "cards.condensed", "cards.reveal"]
    },
    "chart": {
      "name": "Chart.js",
      "pver": "1.0.2",
      "ver": "1.3.0",
      "website": "http://www.chartjs.org/",
      "src": {
        "js": ["src/js/Chart.Core.js", "src/js/chart.line.js", "src/js/Chart.Doughnut.js", "src/js/Chart.Bar.js"],
        "require": ["colorset.js", "jqueryex"]
      }
    },
    "dashboard": {
      "name": "仪表盘",
      "src": {
        "less": ["~/views/dashboard.less"],
        "js": ["src/js/dashboard.js"]
      },
      "ver": "1.0.0",
      "dpds": ["panels", "grid", "icons"],
      "require": ["jquery"]
    },
    "board": {
      "name": "看板",
      "src": {
        "less": ["~/views/boards.less"],
        "js": ["src/js/boards.js"]
      },
      "ver": "1.0.0",
      "dpds": ["jqueryex", "panels", "droppable"],
      "require": ["jquery"]
    },
    "tabs": {
      "name": "标签页管理器",
      "src": {
        "less": ["~/views/tabs.less"],
        "js": ["src/js/tabs.js"]
      },
      "ver": "1.8.0",
      "dpds": ["jqueryex", "resize", "string", "sortable"],
      "require": ["jquery"]
    },
    "datatable": {
      "name": "数据表格",
      "src": {
        "less": ["~/views/datatable.less"],
        "js": ["src/js/datatable.js"]
      },
      "ver": "1.2.0",
      "dpds": ["jqueryex", "resize", "string", "table", "store", "draggable"],
      "require": ["jquery"]
    },
    "datagrid": {
      "name": "数据表格②",
      "src": {
        "less": ["~/views/datagrid.less"],
        "js": ["src/js/datagrid.js"]
      },
      "ver": "1.8.0",
      "dpds": ["jqueryex", "mousewheel", "resize", "string", "store", "draggable"],
      "libDpds": ["mousewheel"],
      "require": ["jquery"]
    },
    "calendar": {
      "name": "日历",
      "src": {
        "less": ["~/views/calendar.less"],
        "js": ["src/js/calendar.js"]
      },
      "ver": "1.2.0",
      "dpds": ["basic", "jqueryex", "color", "resize", "string", "date", "table", "droppable"]
    },
    "mindmap": {
      "name": "思维导图",
      "src": {
        "less": ["~/views/mindmap.less"],
        "js": ["src/js/mindmap.js"]
      },
      "ver": "2.0.0",
      "dpds": ["basic", "jqueryex", "resize", "string", "date", "droppable"],
      "hidden": true
    },
    "treemap": {
      "name": "树形图",
      "src": {
        "less": ["~/views/treemap.less"],
        "js": ["~/treemap.js"]
      },
      "ver": "1.7.0",
      "dpds": ["basic", "jqueryex", "resize", "string", "date", "droppable"]
    },
    "theme": {
      "name": "主题示例",
      "src": {
        "less": ["~/theme.less"]
      },
      "desc": "ZUI的默认主题示例",
      "dpds": ["themeConfig"],
      "ver": "1.0.0"
    },
    "themeConfig": {
      "name": "主题选项",
      "src": {
        "less": ["~/basic/variables.theme.less"]
      },
      "desc": "ZUI的默认主题配置",
      "ver": "1.4.0",
      "dpds": ["setting"]
    },
    "doc": {
      "name": "文档",
      "src": {
        "less": ["~/doc.less"],
        "js": ["~/doc.js"]
      },
      "desc": "ZUI文档依赖样式和工具",
      "ver": "1.3.0",
      "dpds": ["setting", "array", "icons.json", "colorset.test", "hotkey", "clipboard", "marked", "less"],
      "hidden": true
    },
    "tree": {
      "name": "树形菜单",
      "src": {
        "js": ["~/tree.js"],
        "less": ["~/views/tree.less"]
      },
      "ver": "1.4.0",
      "require": ["icons"]
    },
    "clipboard": {
      "name": "clipboard",
      "src": {
        "js": ["assets/clipboard/clipboard.js"]
      },
      "ver": "1.4.0",
      "pver": "1.5.5",
      "desc": "Modern copy to clipboard. No Flash. Just 2kb.",
      "source": "Zeno Rocha",
      "license": "MIT",
      "website": "https://clipboardjs.com/"
    },
    "marked": {
      "name": "marked",
      "src": {
        "js": ["assets/marked/marked.js"]
      },
      "ver": "1.7.0",
      "pver": "0.3.6",
      "desc": "a markdown parser.",
      "source": "Christopher Jeffrey",
      "license": "MIT",
      "website": "https://github.com/chjj/marked"
    },
    "less": {
      "name": "Less",
      "src": {
        "js": ["assets/less/less.js"]
      },
      "ver": "1.7.0",
      "pver": "2.5.3",
      "desc": "Leaner CSS.",
      "source": "Alexis Sellier",
      "license": "Apache License 2.0",
      "website": "http://lesscss.org"
    },
    "colorset.less2js": {
      "name": "JS配色表",
      "src": {
        "less": ["~/basic/colorset.js.less"]
      },
      "ver": "1.3.0",
      "dpds": ["colorset"],
      "hidden": true
    },
    "colorset.js": {
      "name": "JS配色表",
      "src": {
        "js": ["src/js/colorset.js"]
      },
      "filename": "zui.colorset",
      "ver": "1.3.0",
      "dpds": ["color"]
    },
    "migrate1.2": {
      "name": "1.2升级到1.3兼容插件",
      "src": {
        "js": ["src/js/zui.migrate.1.2.js"]
      },
      "ver": "1.3.0",
      "deprecated": "Use new version instead."
    },
    "colorset.test": {
      "name": "配色测试",
      "src": {
        "less": ["~/basic/colorset.test.less"]
      },
      "desc": "ZUI的色彩预览样式",
      "ver": "1.0.0",
      "dpds": ["colorset", "mixins"],
      "hidden": true
    },
    "colorpicker": {
      "name": "颜色选择器",
      "src": {
        "js": ["src/js/colorpicker.js"],
        "less": ["src/less/modules/colorpicker.less"]
      },
      "ver": "1.5.0",
      "dpds": ["color"]
    },
    "selectable": {
      "name": "拖拽选择",
      "src": {
        "js": ["src/js/selectable.js"]
      },
      "ver": "1.5.0"
    },
    "uploader": {
      "name": "文件上传",
      "src": {
        "js": ["src/js/uploader.js"],
        "less": ["src/less/views/uploader.less"]
      },
      "dpds": ["plupload"],
      "ver": "1.6.0",
      "ignoreDpds": false
    }
  },
  "builds": {
    "standard": {
      "title": "Standard edition",
      "dest": "dist/",
      "filename": "zui",
      "subdirectories": true,
      "bootstrapStatement": true,
      "includes": ["jqueryex", "basic", "utilities", "scaffolding", "grid", "typography", "header", "button", "progressbar", "image", "divider", "labels", "breadcrumbs", "icons", "forms", "switch", "checkbox", "close", "scrollbars", "table", "listgroup", "panels", "alerts", "inputcontrol", "inputgroups", "code", "pager", "navs", "navbars", "animations", "collapse", "device", "browser", "date", "string", "resize", "scrollspy", "store", "searchbox", "draggable", "droppable", "tab", "modals", "modaltrigger", "tooltip", "popovers", "dropdowns", "contextmenu", "carousel", "lightbox", "messager", "article", "comment", "list", "card", "color", "tree"]
    },
    "lite": {
      "title": "Lite edition",
      "dest": "dist/",
      "filename": "zui.lite",
      "subdirectories": true,
      "bootstrapStatement": true,
      "includes": ["jqueryex", "basic", "utilities", "scaffolding", "grid", "typography.basic", "header", "button.basic", "image.group", "divider", "labels.basic", "breadcrumbs", "icons", "forms.basic", "close", "table.basic", "table.colors", "listgroup", "panels.basic", "alerts.basic", "inputgroups",  "code", "pager.basic", "navs.basic", "navs.tab", "navbars.basic", "animations", "collapse", "device", "browser", "date", "string", "resize", "store", "tab", "modals", "modaltrigger", "tooltip", "popovers", "dropdowns", "carousel", "article", "comment", "list", "card.basic"]
    },
    "theme": {
      "title": "Theme",
      "filename": "zui-theme",
      "dest": "dist/",
      "subdirectories": true,
      "settingDpds": ["setting", "themeConfig"],
      "includes": ["theme"]
    },
    "colorset.less2js": {
      "title": "Generated from less code",
      "dest": "src/js/",
      "filename": "colorset",
      "subdirectories": false,
      "includes": ["colorset.less2js"]
    },
    "seperate": {
      "title": "Seperate bundles",
      "bundles": ["jquery", "calendar", "kindeditor", "datetimepicker", "chosen", "chosenicons", "imgcutter", "datatable", "datagrid", "ieonly", "chart", "array", "hotkey", "board", "tabs", "migrate1.2", "clipboard", "prettify", "sortable", "selectable", "colorpicker", "colorset.js", "imgready", "dashboard", "bootbox", "ueditor", "uploader", "treemap"]
    },
    "dist": {
      "title": "Dist bundles",
      "bundles": ["standard", "lite", "theme", "seperate"]
    },
    "doc": {
      "title": "Document",
      "dest": "docs/",
      "filename": "doc",
      "subdirectories": true,
      "includes": ["doc"]
    }
  }
}
